{
 "opus": {
  "observability-saas": [
   0.7244331850119797,
   0.8267233510818338,
   0.791652002267394
  ],
  "harbor-law": [
   0.7881235910442311,
   0.7651743253399154,
   0.7648220097219695
  ],
  "form-furniture": [
   0.752844127330822,
   0.6304120621852323,
   0.7340148997914645
  ],
  "bright-smiles-pedo": [
   0.9014615573305428,
   0.7564894540293741,
   0.8254492483782436
  ],
  "pulse-festival": [
   0.5117722753158668,
   0.6390315483952522,
   0.6592324812615358
  ],
  "hearth-table": [
   0.7359950702519,
   0.7383601608504194,
   0.7109204851750641
  ],
  "vault-wallet": [
   0.7600744479780096,
   0.7619294359518305,
   0.614741794186693
  ],
  "coastal-marine-lab": [
   0.8020083734627522,
   0.7879049564671605,
   0.7934388628892227
  ],
  "still-point-retreat": [
   0.7811469318801632,
   0.7768643488575073,
   0.7544891760121237
  ],
  "offgrid-streetwear": [
   0.6705425400381461,
   0.7289140422440454,
   0.6760156550971523
  ]
 },
 "haiku": {
  "pulse-festival": [
   0.18014042875107433,
   0.2453336379216474
  ],
  "harbor-law": [
   0.32231813567203466,
   0.3796979677797798
  ],
  "bright-smiles-pedo": [
   0.5567116660609287,
   0.40879252216880346
  ],
  "vault-wallet": [
   0.38435316883675674,
   0.373854065811218
  ],
  "coastal-marine-lab": [
   0.4441883198535163,
   0.40646924694487757
  ],
  "still-point-retreat": [
   0.3368116402026629,
   0.35741177562769705
  ],
  "hearth-table": [
   0.3135783124000939,
   0.3045842808838148
  ],
  "offgrid-streetwear": [
   0.3105456961243312,
   0.32743402872337396
  ],
  "form-furniture": [
   0.43174664251459927,
   0.3763621975490058
  ],
  "observability-saas": [
   0.28732800893649535,
   0.27876831572823185
  ]
 }
}